total_events,process_events,process_scan_events,network_events,command_events,relationship_events,suspicious_events,high_risk_events,medium_risk_events,powershell_events,encoded_command_events,suspicious_tool_events,total_rule_score,maximum_rule_score,correlation_count,high_severity_correlations,medium_severity_correlations,suspicious_event_ratio,label
237,134,80,17,2,19,0,0,1,0,0,0,7,1,1,0,0,0.0,0
389,133,81,0,10,18,7,1,2,7,3,1,45,19,8,2,2,0.017994858611825194,1
129,69,55,8,20,58,5,2,1,5,0,2,50,21,3,1,2,0.03875968992248062,1
442,109,109,21,34,62,3,2,4,8,3,2,33,50,7,1,3,0.006787330316742082,1
376,172,20,48,6,75,3,1,5,6,1,5,48,28,1,2,3,0.007978723404255319,1
150,70,124,21,48,29,3,0,2,1,1,1,13,11,1,1,3,0.02,1
891,431,280,56,135,139,21,13,10,19,4,7,61,36,7,5,8,0.02356902356902357,2
700,109,121,85,137,47,36,5,19,21,6,16,84,91,16,4,2,0.05142857142857143,2
945,485,295,22,145,112,71,5,15,13,15,6,72,68,12,6,6,0.07513227513227513,2
214,139,115,12,40,75,6,1,2,1,0,1,12,42,5,2,1,0.028037383177570093,1
702,289,100,13,43,29,48,11,20,23,14,20,124,33,19,1,3,0.06837606837606838,2
153,189,137,10,5,55,14,1,8,3,3,1,44,14,4,2,4,0.0915032679738562,1
358,216,73,23,40,75,20,3,2,5,1,3,31,41,3,1,1,0.055865921787709494,1
221,52,66,15,11,29,2,0,1,0,0,0,10,10,0,0,0,0.00904977375565611,0
374,107,55,24,24,70,5,3,6,1,1,4,38,10,5,2,5,0.013368983957219251,1
273,140,85,6,20,45,20,3,5,8,0,3,18,13,1,1,1,0.07326007326007326,1
363,105,47,4,16,38,11,0,3,3,3,5,41,29,7,1,1,0.030303030303030304,1
485,145,27,2,31,51,12,1,8,1,2,4,10,27,2,1,5,0.024742268041237112,1
207,128,91,8,10,16,1,0,1,0,0,0,5,9,1,0,0,0.004830917874396135,0
161,112,20,7,6,45,2,0,1,0,0,0,5,0,1,0,0,0.012422360248447204,0
350,157,117,32,9,36,11,0,4,1,0,4,42,42,1,1,4,0.03142857142857143,1
899,427,270,46,82,110,56,13,12,26,6,20,113,57,16,5,9,0.06229143492769744,2
214,50,59,16,11,16,0,0,0,0,0,0,1,2,2,0,0,0.0,0
212,60,32,17,13,51,8,3,2,7,2,1,11,40,1,1,5,0.03773584905660377,1
934,385,62,21,20,141,49,13,7,22,15,14,124,70,6,7,7,0.05246252676659529,2
160,26,72,13,14,9,0,0,0,0,0,0,7,0,2,0,0,0.0,0
166,25,85,16,14,47,0,0,1,0,0,0,6,5,0,0,0,0.0,0
276,228,126,44,45,57,15,1,6,5,1,5,24,18,3,0,4,0.05434782608695652,1
183,101,69,16,5,20,1,0,1,0,0,0,5,6,1,0,0,0.00546448087431694,0
966,366,211,14,21,98,20,13,19,26,10,16,151,91,8,2,7,0.020703933747412008,2
280,130,59,0,13,36,1,0,0,0,0,0,3,7,1,0,0,0.0035714285714285713,0
586,261,59,18,86,74,65,10,11,11,2,20,159,45,18,6,8,0.11092150170648464,2
314,250,179,89,68,56,62,8,9,5,13,17,142,94,8,8,8,0.19745222929936307,2
429,127,132,33,48,52,7,0,6,4,1,4,24,45,4,2,1,0.016317016317016316,1
67,109,22,15,4,50,0,0,0,0,0,0,3,3,0,0,0,0.0,0
95,73,81,5,6,37,2,0,0,0,0,0,1,9,2,0,0,0.021052631578947368,0
86,111,37,1,7,18,2,0,1,0,0,0,1,3,2,0,0,0.023255813953488372,0
626,252,201,26,31,133,59,6,16,19,13,5,59,52,17,1,7,0.09424920127795527,2
379,80,93,28,34,35,12,3,4,4,1,2,49,35,2,1,5,0.0316622691292876,1
162,64,51,15,12,24,2,0,1,0,0,0,2,0,2,0,0,0.012345679012345678,0
220,54,48,4,31,16,16,1,6,2,1,2,12,27,5,2,4,0.07272727272727272,1
409,385,149,47,139,35,100,12,17,16,14,15,196,80,9,9,10,0.24449877750611246,2
743,100,202,35,52,121,51,14,6,12,11,12,84,43,15,2,3,0.06864064602960969,2
762,188,289,52,106,143,93,11,13,9,2,17,179,68,19,5,2,0.1220472440944882,2
523,324,248,46,138,34,63,6,11,13,13,15,146,78,10,2,7,0.12045889101338432,2
477,73,124,37,8,56,4,3,2,7,1,3,36,25,8,1,5,0.008385744234800839,1
70,46,86,14,0,23,1,0,0,0,0,0,10,5,0,0,0,0.014285714285714285,0
414,360,160,28,26,25,59,10,11,18,11,8,91,93,6,2,2,0.14251207729468598,2
316,437,297,90,39,100,20,12,6,10,4,14,56,76,15,6,7,0.06329113924050633,2
160,137,98,9,15,5,0,0,0,0,0,0,0,6,1,0,0,0.0,0
108,220,57,16,8,17,10,2,1,7,3,5,37,44,1,0,3,0.09259259259259259,1
456,191,148,29,40,29,10,3,8,4,1,3,38,16,6,0,3,0.021929824561403508,1
105,198,44,4,24,12,12,3,6,2,2,2,16,29,5,0,1,0.11428571428571428,1
149,98,55,0,0,12,1,0,1,0,0,0,3,6,1,0,0,0.006711409395973154,0
666,426,166,50,141,150,69,4,10,11,7,6,156,77,12,8,9,0.1036036036036036,2
118,57,34,3,16,30,1,0,1,0,0,0,5,0,0,0,0,0.00847457627118644,0
276,74,91,25,28,70,10,2,5,7,3,1,26,30,3,2,5,0.036231884057971016,1
129,22,76,12,2,46,0,0,0,0,0,0,9,2,1,0,0,0.0,0
989,289,243,82,89,84,65,7,15,18,6,16,159,38,20,1,10,0.06572295247724974,2
638,369,249,29,124,127,24,9,9,28,14,7,196,30,18,4,9,0.03761755485893417,2
400,160,128,7,37,48,18,1,7,2,3,4,43,31,2,2,2,0.045,1
919,163,62,29,143,84,58,10,5,14,14,7,80,60,14,2,5,0.06311207834602829,2
142,143,133,11,49,20,15,0,6,7,2,5,10,31,6,1,5,0.1056338028169014,1
254,24,68,18,10,46,1,0,0,0,0,0,2,9,0,0,0,0.003937007874015748,0
328,155,67,7,24,17,18,1,5,1,2,1,20,20,4,1,4,0.054878048780487805,1
253,46,94,17,16,50,2,0,1,0,0,0,8,9,2,0,0,0.007905138339920948,0
200,72,49,19,27,42,3,3,3,8,2,4,28,14,2,0,5,0.015,1
276,35,19,15,18,6,2,0,1,0,0,0,3,8,1,0,0,0.007246376811594203,0
111,61,39,4,16,43,0,0,1,0,0,0,1,5,1,0,0,0.0,0
368,269,98,26,35,112,27,3,14,23,13,10,82,45,18,4,2,0.07336956521739131,2
138,57,47,20,10,27,0,0,0,0,0,0,1,2,1,0,0,0.0,0
401,478,294,35,108,42,99,4,8,17,8,17,192,59,16,1,2,0.24688279301745636,2
94,38,64,1,9,5,1,0,0,0,0,0,9,7,2,0,0,0.010638297872340425,0
150,97,15,11,11,36,0,0,1,0,0,0,1,1,2,0,0,0.0,0
264,69,71,15,5,39,1,0,1,0,0,0,3,3,0,0,0,0.003787878787878788,0
731,113,203,64,89,118,81,8,17,18,4,16,102,37,9,8,9,0.11080711354309165,2
300,124,33,7,19,32,1,0,0,0,0,0,6,4,1,0,0,0.0033333333333333335,0
120,123,64,49,39,56,9,3,7,3,3,5,27,24,4,0,1,0.075,1
104,70,48,24,40,18,7,0,4,7,3,1,47,38,2,0,4,0.0673076923076923,1
810,202,274,32,84,26,82,11,8,30,5,5,191,64,19,10,7,0.10123456790123457,2
176,129,15,0,11,44,1,0,1,0,0,0,3,7,2,0,0,0.005681818181818182,0
195,154,119,23,30,25,20,3,4,4,3,1,24,43,2,1,1,0.10256410256410256,1
411,174,54,31,18,50,18,0,5,5,0,3,24,23,8,2,1,0.043795620437956206,1
216,217,67,49,47,45,16,2,1,7,1,3,23,39,6,0,1,0.07407407407407407,1
449,112,21,46,34,35,18,2,8,3,3,1,19,46,4,0,2,0.0400890868596882,1
460,98,86,42,33,48,20,1,3,7,0,2,13,20,3,1,4,0.043478260869565216,1
889,265,153,53,56,128,59,13,9,27,14,19,118,97,20,10,4,0.06636670416197975,2
446,139,82,19,24,40,20,0,3,2,3,1,10,46,4,2,2,0.04484304932735426,1
659,259,117,10,55,111,41,4,17,10,8,17,125,73,17,1,3,0.0622154779969651,2
229,93,35,13,17,48,0,0,0,0,0,0,5,6,1,0,0,0.0,0
297,71,69,6,6,36,0,0,0,0,0,0,1,10,1,0,0,0.0,0
118,88,99,13,10,36,1,0,1,0,0,0,9,4,1,0,0,0.00847457627118644,0
237,99,117,14,28,34,20,2,8,7,1,3,16,46,8,0,4,0.08438818565400844,1
968,147,250,21,77,104,42,12,16,13,9,7,79,57,17,1,9,0.04338842975206612,2
77,111,16,4,2,30,1,0,1,0,0,0,2,9,0,0,0,0.012987012987012988,0
292,61,47,14,3,50,2,0,1,0,0,0,5,9,1,0,0,0.00684931506849315,0
384,422,157,40,128,34,45,13,5,26,2,5,194,87,7,4,8,0.1171875,2
104,163,125,4,30,57,6,0,1,7,3,2,41,28,1,1,4,0.057692307692307696,1
587,394,53,55,78,132,64,3,11,20,13,7,183,44,16,3,10,0.10902896081771721,2
460,171,75,38,37,56,6,0,2,2,3,3,36,40,6,0,4,0.013043478260869565,1
898,410,73,18,81,65,47,10,11,13,10,9,130,92,7,7,10,0.052338530066815145,2
587,157,127,57,47,36,39,9,11,20,12,15,156,31,9,3,10,0.06643952299829642,2
179,239,91,7,40,50,19,1,3,8,0,2,45,39,2,2,4,0.10614525139664804,1
294,100,29,9,11,35,0,0,0,0,0,0,3,2,0,0,0,0.0,0
433,165,181,19,62,131,34,9,10,15,12,14,120,40,20,3,3,0.07852193995381063,2
344,392,181,47,135,125,30,10,9,25,11,16,57,90,7,6,10,0.0872093023255814,2
689,125,285,74,111,147,53,10,19,11,3,10,112,38,15,9,4,0.07692307692307693,2
159,106,77,17,8,6,2,0,0,0,0,0,9,5,1,0,0,0.012578616352201259,0
322,68,55,29,40,12,12,3,7,1,2,3,25,25,4,0,2,0.037267080745341616,1
257,26,52,15,5,6,0,0,0,0,0,0,5,7,2,0,0,0.0,0
241,80,31,11,0,12,1,0,1,0,0,0,1,3,2,0,0,0.004149377593360996,0
359,144,108,38,39,74,6,1,3,4,3,1,49,19,8,2,1,0.016713091922005572,1
839,126,256,51,60,125,89,13,11,9,10,18,95,84,18,5,2,0.10607866507747318,2
166,38,38,17,10,40,0,0,1,0,0,0,3,6,2,0,0,0.0,0
97,71,61,5,0,33,0,0,1,0,0,0,3,10,0,0,0,0.0,0
61,132,77,8,10,19,1,0,1,0,0,0,10,4,2,0,0,0.01639344262295082,0
568,417,201,18,119,40,22,6,14,11,14,5,82,83,6,7,6,0.03873239436619718,2
494,121,149,30,26,18,6,2,6,8,0,4,13,27,3,1,1,0.012145748987854251,1
417,105,288,77,43,119,39,8,17,8,2,13,90,67,8,9,4,0.09352517985611511,2
104,113,24,3,14,48,2,0,1,0,0,0,3,2,1,0,0,0.019230769230769232,0
122,112,10,11,12,7,1,0,1,0,0,0,6,2,2,0,0,0.00819672131147541,0
931,251,212,44,50,86,79,15,6,12,11,18,158,66,9,7,8,0.08485499462943072,2
102,207,111,45,43,34,10,2,2,6,3,4,11,34,1,2,1,0.09803921568627451,1
787,115,81,27,87,40,70,3,18,12,9,6,93,88,12,10,3,0.08894536213468869,2
613,444,187,25,101,102,86,12,11,20,3,16,157,90,13,1,8,0.1402936378466558,2
770,497,92,33,21,42,91,13,16,6,11,13,54,53,12,5,9,0.11818181818181818,2
615,359,249,82,123,67,53,14,19,25,12,15,52,43,14,8,9,0.08617886178861789,2
540,280,71,39,37,59,95,9,13,26,3,13,97,37,19,6,8,0.17592592592592593,2
407,204,23,26,47,19,4,0,4,6,2,4,11,37,4,1,3,0.009828009828009828,1
159,71,76,16,4,45,2,0,0,0,0,0,3,9,0,0,0,0.012578616352201259,0
909,392,62,72,69,147,64,7,17,28,5,12,101,64,11,2,7,0.0704070407040704,2
150,63,24,11,2,38,0,0,1,0,0,0,1,0,2,0,0,0.0,0
281,102,41,25,49,55,16,0,3,8,3,5,29,17,8,0,5,0.05693950177935943,1
452,159,73,39,41,72,14,0,4,1,3,5,29,16,6,1,1,0.030973451327433628,1
654,398,137,26,125,106,76,10,5,11,2,20,172,98,10,8,9,0.1162079510703364,2
724,460,293,83,48,114,67,9,5,28,9,19,80,99,11,6,9,0.0925414364640884,2
581,486,243,74,118,149,83,3,18,19,7,13,65,98,17,1,9,0.14285714285714285,2
199,86,96,19,14,10,1,0,1,0,0,0,9,4,1,0,0,0.005025125628140704,0
267,109,100,18,18,14,2,0,0,0,0,0,3,8,1,0,0,0.00749063670411985,0
123,75,15,14,15,16,1,0,1,0,0,0,9,9,2,0,0,0.008130081300813009,0
812,436,119,51,57,103,37,13,9,12,5,6,158,79,18,10,7,0.04556650246305419,2
277,154,84,0,7,77,9,3,3,5,3,1,15,33,6,0,1,0.032490974729241874,1
325,109,125,32,13,29,9,0,8,7,2,4,10,30,3,1,3,0.027692307692307693,1
104,113,18,13,14,20,2,0,0,0,0,0,7,9,2,0,0,0.019230769230769232,0
272,129,83,45,26,58,18,3,2,2,1,2,23,10,6,0,3,0.0661764705882353,1
859,106,147,75,128,91,99,13,10,8,3,9,52,58,16,1,7,0.11525029103608847,2
195,35,78,17,1,28,1,0,0,0,0,0,4,7,1,0,0,0.005128205128205128,0
498,175,145,16,11,71,15,3,8,8,2,4,43,43,8,1,2,0.030120481927710843,1
354,288,274,19,116,50,67,15,8,18,5,17,198,76,12,5,4,0.18926553672316385,2
50,49,91,9,11,47,0,0,0,0,0,0,6,2,2,0,0,0.0,0
